{"cameraMode":{"drawMode":0,"name":"Shaded","section":"Shading Mode"},"sceneLighting":true,"audioPlay":false,"sceneViewState":{"m_AlwaysRefresh":false,"showFog":true,"showSkybox":true,"showFlares":true,"showImageEffects":true,"showParticleSystems":true,"showVisualEffectGraphs":true,"m_FxEnabled":true},"in2DMode":false,"pivot":{"x":-2.4328861236572267,"y":3.309727191925049,"z":1.8806877136230469},"rotation":{"x":-0.17611271142959596,"y":0.19927546381950379,"z":-0.036430444568395618,"w":-0.9633026123046875},"size":8.606789588928223,"orthographic":true}