{"cameraMode":{"drawMode":0,"name":"Shaded","section":"Shading Mode"},"sceneLighting":true,"audioPlay":false,"sceneViewState":{"m_AlwaysRefresh":false,"showFog":true,"showSkybox":true,"showFlares":true,"showImageEffects":true,"showParticleSystems":true,"showVisualEffectGraphs":true,"m_FxEnabled":true},"in2DMode":false,"pivot":{"x":-0.016956981271505357,"y":0.1026439219713211,"z":0.2928154766559601},"rotation":{"x":0.13303633034229279,"y":0.7514055967330933,"z":-0.15962718427181245,"w":0.6262454390525818},"size":1.3449110984802247,"orthographic":false}