{"cameraMode":{"drawMode":0,"name":"Shaded","section":"Shading Mode"},"sceneLighting":true,"audioPlay":false,"sceneViewState":{"m_AlwaysRefresh":false,"showFog":true,"showSkybox":true,"showFlares":true,"showImageEffects":true,"showParticleSystems":true,"showVisualEffectGraphs":true,"m_FxEnabled":true},"in2DMode":false,"pivot":{"x":6.721903324127197,"y":-12.241680145263672,"z":12.825115203857422},"rotation":{"x":-0.3567335307598114,"y":-0.08335791528224945,"z":0.03197938948869705,"w":-0.9299043416976929},"size":16.770584106445314,"orthographic":false}