{"cameraMode":{"drawMode":0,"name":"Shaded","section":"Shading Mode"},"sceneLighting":true,"audioPlay":false,"sceneViewState":{"m_AlwaysRefresh":false,"showFog":true,"showSkybox":true,"showFlares":true,"showImageEffects":true,"showParticleSystems":true,"showVisualEffectGraphs":true,"m_FxEnabled":true},"in2DMode":false,"pivot":{"x":0.2039196938276291,"y":-0.19458311796188355,"z":0.89798903465271},"rotation":{"x":0.19896826148033143,"y":0.01322910189628601,"z":-0.002687035361304879,"w":0.9799101948738098},"size":5.009183406829834,"orthographic":false}